BV1kqpi6AEtZ	电动车路口疯狂作死，惨遭半挂拦腰爆压，完整监控曝光	路口监控 电动车
BV1RxzhBVE2X	12分钟，看100个路口电动车事故汇编	路口监控 电动车
BV1sk4y1X7B9	路口之殇---电动车交通安全警示教育片	路口监控 电动车
BV1E7411P7GA	路上那么多摄像头，到底哪个是抓拍违章的	路口监控 电动车
BV1QyN9egEGt	649元的电动车，能骑吗？	路口监控 电动车
BV1gM4y1372U	事故中：超标电动车的认定与责任关系	路口监控 电动车
BV1UL411478c	千万别报警！法拉利撞电动车事件后续：路口监控牵出大瓜？	路口监控 电动车
BV1zCMLzmECv	路口转弯撞到电动车要担责吗？来看看行政复议的结果，别再做错了	路口监控 电动车
BV1ju4y167BP	开箱_电梯（电动车禁行）监控摄像机	路口监控 电动车
BV1ApaH6SE2P	【电动车】2026年10月40款电动车/电瓶车最全测评	路口监控 电动车
BV1BWxse9E4T	4K交通监控测试视频，需要自取！	路口监控 电动车
BV1evVfz6Ehq	多功能智能交通系统-车辆闯红灯检测	路口监控 电动车
BV1Ni4HzpEeZ	这一幕要引以为戒，司机右转未留意后方来车，电动车来不及刹车摔翻	路口监控 电动车
BV1p6cBzYE18	8000元的蔚来自行车，真实骑行体验怎么样？	路口监控 电动车
BV1QM4y177FP	没有住院前他们是这样骑电动车的。	路口监控 电动车
BV1CybV6DEaS	几百块破解的特斯拉FSD，国内体验到底怎么样？	路口监控 电动车
BV18x411E7Vw	日本无可挑剔的交通秩序，秋叶原十字路口实时监控	路口监控 电动车
BV1Xk4y1z7iP	【生活日常】河南省洛阳市伊川县道路监控 交通事故警示录	路口监控 电动车
BV18gdgBQEQe	峰哥：“男人千万别骑电瓶车，很没有面子！！”	路口监控 电动车
BV1XPvpewEXt	挖槽！妹子轻轻一撞竟然直接分离了，太可怕了！	路口监控 电动车
BV1wdu86SESS	萤火虫换电第一天，我就感受到了它的价值..	路口监控 电动车
BV1Leab6sEDF	【2026年10月折叠电动车推荐】代驾通勤到底怎么选？	路口监控 电动车
BV1hDbNzRERs	监控摄像头拍摄，南湖公园腾势试驾车在路口与白色雷克萨斯发生碰撞！	路口监控 电动车
BV1xhGkzLE2t	坏了，遇到懂法的了。	路口监控 电动车
BV16Daa6gEeE	萤火虫？不是蔚来ET1吗？	路口监控 电动车
BV13tPjeeEUT	挖槽！女骑妹子跑山“屁刹”全程痛苦呻吟太惨了	路口监控 电动车
BV1N5TQ6gE4r	交警提示：7月3日后抓拍违规电动车全面启动，不戴头盔闯红灯自动留电子监控证据！	路口监控 电动车
BV1wLKC6CED7	为什么很少看到发达国家的人骑电瓶车？	路口监控 电动车
BV1VJMbzrE6m	对方认为我的全责，要调路口监控	路口监控 电动车
BV185rkBME2f	交通事故取证必看：监控调取时限+找交警取证技巧	路口监控 电动车
BV1Uu4y1r7P5	又一位网红女骑倒下了，全盔都没保住她的命！	路口监控 电动车
BV1Dm42137Ye	【粤语新闻】广州交警称电动车遮挡车牌不影响执法摄像头抓拍	路口监控 电动车
BV1Zm42137WD	不要逃避问题	路口监控 电动车
BV18Z4y1Q71C	交叉口交通调查	路口监控 电动车
BV1yL4y1q7yb	十字路口的车流	路口监控 电动车
BV15fgN6eEVU	情侣骑了一年的电动卖掉能回多少钱？结局很舒服	路口监控 电动车
BV1DM326CE4u	一群电动车路口阻挡右转车道，出租车绕行遭直行车碰撞，如何定责	路口监控 电动车
BV1XFHd6KEf7	尊界V800刹车事件，我作为鸿蒙智行车主想说两句	路口监控 电动车
BV1tN411Z7DQ	监控实拍大连一轿车冲向过马路人群，多人被撞飞	监控实拍 过马路
BV1JPYs6pEGT	9.8大妈横穿马路被爆压事件，完整监控曝光，真惨啊	监控实拍 过马路
BV1HoHQ6rE4J	10.4妹子马路徒步惨烈事故，完整监控曝光，太可怜了	监控实拍 过马路
BV1MXbG64EA4	9.4女子深夜在马路跑步被撞飞事件，完整监控曝光，太可怕了	监控实拍 过马路
BV1rV4y1C7hw	1041期：熊孩子马路乱窜，被亲妈一脚踹飞！	监控实拍 过马路
BV14p42127VW	在杭州过斑马线和武汉过斑马线的区别	监控实拍 过马路
BV1XH4y1X7RT	监控视频科三考试现场，64号考生你是来搞笑的吗？	监控实拍 过马路
BV1HmtE6cExf	人教人教不会，事教人一次就会！过马路务必左右观察	监控实拍 过马路
BV1gN41157gS	1162期：妹子穿白衣站马路中间，车主吓尿	监控实拍 过马路
BV1oP4y1i7Gf	挖槽，妹子甚至没来及呼叫，车内当场三死一伤，太可怕了	监控实拍 过马路
BV19o4y1V7qw	痛心！儿童横穿马路事故合集，马路不是游戏场，警示所有家长	监控实拍 过马路
BV1yyFszbEgY	你俩太饥渴了，只关灯但监控还开着呢	监控实拍 过马路
BV1fWju6vEui	马路追击，疯狂的大铲车	监控实拍 过马路
BV1hu4y1X7D1	试驾暴力飙车，当场眼珠子崩出来，太可怕了	监控实拍 过马路
BV1ZLwPeKEQt	儿童交通事故警示。	监控实拍 过马路
BV1DzYy6FEqy	时速最少160以上飞过去了	监控实拍 过马路
BV1SL4y1T7Cc	大爷横穿马路，经过长达8分多钟的交通安全教育，最终认识到了自己的问题	监控实拍 过马路
BV1FG41187by	行人过街请求按钮	监控实拍 过马路
BV1Cr421F7Z7	监控实拍科目二模拟考试现场64号考生	监控实拍 过马路
BV1AAYb66EUf	横穿马路，当场去世	监控实拍 过马路
BV1Lghy6AEoU	交通事故解说-小三轮闯红灯 人和车瞬间西行	监控实拍 过马路
BV1W1ph6pEKj	监控实拍科目三，54号考生请出示你的身份证	监控实拍 过马路
BV1XDHj6ZEsn	原视频来了	监控实拍 过马路
BV11W411z7bm	女子横穿马路被撞飞，监控实拍	监控实拍 过马路
BV1X441127Dh	【监控实拍】令人害怕的电梯冲顶事故	监控实拍 过马路
BV1HXmtBqEQf	美女鉴赏-路邊停車＆倒車入庫	监控实拍 过马路
BV1ke4y157zx	挖槽！男子过马路被车撞，脑袋着地流血而亡，太惨了！	监控实拍 过马路
BV1pdYW6ZECv	监控实拍换钱骗局	监控实拍 过马路
BV1mM4m167NP	监控实拍科目二模拟考试现场，54号考生扣了1280分又创纪录了	监控实拍 过马路
BV1r7YY61EHW	城市路口斑马线行人过马路合集实拍视频素材	监控实拍 过马路
BV1f6421g765	在武汉马路上只有斑马没有线。	监控实拍 过马路
BV1uByrByESj	干得漂亮，这就是乱停车的下场！	监控实拍 过马路
BV1ubN3eHEnw	建议死刑，有些人投胎都要走高速！	监控实拍 过马路
BV1xk4y1J7Th	没礼让斑马线 没礼让孩子	监控实拍 过马路
BV1QEpw67EAy	大桥在监控镜头前突然坍塌	监控实拍 过马路
BV1vt3yzwEiP	监控实拍！行人闯红灯横穿马路被碾脚，交警：全责！	监控实拍 过马路
BV19f421m7CD	情侣过斑马线突然躺下亲热	监控实拍 过马路
BV1BZPSzhEcb	行车途中遇到几个小孩躺在路中间惊恐一刻	监控实拍 过马路
BV1td4y1x74c	电动车上坡到底用几档最有劲？	电瓶车 上坡
BV1yx2rBzE77	新旧国标电动车对比爬坡测试	电瓶车 上坡
BV1aa8ZzrEB3	电动车功率大却爬不上天桥？	电瓶车 上坡
BV1vKbj65E8s	电动车电是满的，上坡没劲怎么回事？	电瓶车 上坡
BV1ubug6iE7p	怕续航虚/爬坡无力/被盗？2026电动车选购全攻略	电瓶车 上坡
BV1mK2WBbEm5	国标电动车爬坡能力，桥顶见真章！	电瓶车 上坡
BV15WbV6KE38	最近骑车爬坡比较多，聊聊骑车爬坡的好处	电瓶车 上坡
BV1Mz4y1T7ny	电动车怎么上坡	电瓶车 上坡
BV1QX4y1b7cS	Ninebot九号F90载人上坡测试	电瓶车 上坡
BV1GK41157gb	解密电动车的神秘电量	电瓶车 上坡
BV1j4LG6MEyp	送外卖遇到这种路应该怎么办？上又上不去。	电瓶车 上坡
BV1kk4y1v7ML	用折叠自行车爬山？	电瓶车 上坡
BV1AAtz6QEv6	黄渤和波加查都摔了，骑车究竟有多危险？	电瓶车 上坡
BV1L94y1V7F5	美女骑电动车上坡	电瓶车 上坡
BV1J7411p7Bf	电动车上坡无力怎么办？	电瓶车 上坡
BV12gUtYSEdB	雅迪E10旗舰版云南山区持续爬坡测试	电瓶车 上坡
BV1p64y1A772	“多人摔倒受伤” 坡度设计太陡 电动自行车出入地库成难题	电瓶车 上坡
BV1ma411X7d7	爬坡技巧对菜腿毫无意义	电瓶车 上坡
BV1VM4m1m7fz	上坡费劲、下坡提心吊胆？非机动车库坡道引业主不满	电瓶车 上坡
BV1L3aj6QEL6	女子骑电动车上坡	电瓶车 上坡
BV1UF411v7Mw	2k预算，自行车&电瓶车哪个更合适通勤？	电瓶车 上坡
BV1x1UCBHEPp	一个小时内教会你骑电瓶车	电瓶车 上坡
BV1pU5i6jEk8	偏口鱼博士不建议骑车～	电瓶车 上坡
BV18ENi6eEEB	两种爬坡模式	电瓶车 上坡
BV1fK411B7So	骑车爬坡很累吗？	电瓶车 上坡
BV1womTB5EsQ	骑车遇到陡坡不会下？	电瓶车 上坡
BV1zrgx6iEoe	菜腿过桥上坡测试	电瓶车 上坡
BV1piLe66EM1	九号新国标Fz1 60爬坡测试	电瓶车 上坡
BV1eY4y1H7LK	如何正确使用刹车？	电瓶车 上坡
BV1TaNJ6DEfY	电动助力自行车，不敢说爬坡能力	电瓶车 上坡
BV1LZ3w6aEWD	陡坡缓降功能你都知道如何使用嘛？	电瓶车 上坡
BV1jUmQBtELX	都说新新国标不能上地库	电瓶车 上坡
BV1qC4y1e7tt	学会这几个爬坡小技巧	电瓶车 上坡
BV1P7411o7bm	电动车如何判断上坡是否有劲呢？	电瓶车 上坡
BV1ML411R7rs	电动车一上坡就掉2格电怎么办？	电瓶车 上坡
BV1TjtJ63E2c	【大头测评】雅迪星舰二代S80（爬坡性能）	电瓶车 上坡
BV1Gb421n71k	电动自行车出行规则 注意啦！	电动车 等红灯
BV1WM4y177H4	电动车为啥非要越线等红灯？	电动车 等红灯
BV12UeD63Ee8	电鸡会等红灯？——电鸡佬广州骑行环境调查（1）	电动车 等红灯
BV1sb8fzYEV7	这次交警不惯着啦，电动车闯红灯全责判罚视频爆火	电动车 等红灯
BV12j5y6gEGe	为什么没车也不能闯红灯？	电动车 等红灯
BV1Pc5R6wEA6	外卖小哥问交警	电动车 等红灯
BV19WmBYoEfd	央视怒批！电动车限速25kmh惹争议	电动车 等红灯
BV17ahe6MEJg	理想走非机动车道，发现前面电瓶车等红灯当他路	电动车 等红灯
BV1k5cieAEgo	无锡一司机路口等红灯时打瞌睡 撞飞一辆电动车	电动车 等红灯
BV1xoovBnERu	男子驾车驶入非机动车道，遇电动车正常等红灯	电动车 等红灯
BV1zA411H7hm	我不信就我一个人是这样等红绿灯的	电动车 等红灯
BV1QM4m1S7eq	以前见过一个人等红灯不下车的	电动车 等红灯
BV1iP411C7kF	众所周知，两个轮子是不需要等红灯的。	电动车 等红灯
BV1NNt362Ef3	你骑车时怎么等红灯的	电动车 等红灯
BV1hj3u6kE68	等红灯是一件很好玩的事呀	电动车 等红灯
BV1TGgK6RExu	一拧转把就掉三格电不一定是电池坏了	电动车 等红灯
BV1hL411j7ne	非机动车怎样过十字路口	电动车 等红灯
BV1h2pEz5EiK	AKA桂香阿姨！我的雅迪	电动车 等红灯
BV1Wu5L6pEhC	两边都没车，红灯能不等吗？	电动车 等红灯
BV1YGjkzAEgg	摩托车司机直行等红灯，理想女车主右拐鸣笛催促	电动车 等红灯
BV1RDYR6aESp	电摩等红灯就是挡路了？	电动车 等红灯
BV1CehH67EUk	女子无证驾驶电动轻便摩托车，追尾路口等红灯车辆	电动车 等红灯
BV1Laa66xEqW	电动车闯红灯罚款50	电动车 等红灯
BV1Uy49edEEB	越线等红绿灯真没快多少	电动车 等红灯
BV1qjph6GErZ	女子骑车在路口等红灯，后方车辆拼命按喇叭！	电动车 等红灯
BV16UpFeSEic	在阴凉处等红灯=违停？	电动车 等红灯
BV1mC7V6wE4T	电动车到路口内等红灯危险吗？	电动车 等红灯
BV1mwT463Exm	问界M5智驾晚高峰（观摩天神之眼/路口车祸）	晚高峰 路口监控
BV1aBYY6wEKg	城市道路交通晚高峰车流人流穿梭实拍视频素材	晚高峰 路口监控
BV1vbY96ZEFS	城市交通路口晚高峰车流人流忙碌上班族延时实拍视频素材	晚高峰 路口监控
BV1jYjF6BE92	FSD V14深圳晚高峰广深公路拥堵路段	晚高峰 路口监控
BV1NeLBzBEVH	武汉光谷周五晚高峰沉浸式体验（13分钟加长版）	晚高峰 路口监控
BV13e411u78q	实拍北京节前晚高峰:多路段行驶缓慢现"堵车红"	晚高峰 路口监控
BV1HPoUY9E2W	北京晚高峰纯享版	晚高峰 路口监控
BV1vP411y7kE	【高清视频素材】晚高峰车流延时	晚高峰 路口监控
BV1ex6fYaEys	【学车】一个晚高峰把新手司机的困惑	晚高峰 路口监控
BV12CRbYBERn	晚高峰拥堵路段，特斯拉FSD被包围了	晚高峰 路口监控
BV15Xb86nEzv	【无广】9大辅助驾驶晚高峰实测！	晚高峰 路口监控
BV17r4y1v7TG	交叉口交通状况实时航拍	晚高峰 路口监控
BV1huui6LEnK	监控拍下75个真实瞬间	晚高峰 路口监控
BV1GKBhBPEMf	上海违章最多的路口之一	晚高峰 路口监控
BV14jxEzyEgk	6分钟带你看完日本的早高峰	晚高峰 路口监控
BV1uJ411T7Ky	教你用手机连接全球网络摄像头	晚高峰 路口监控
BV1HjsbzaEEw	实测滴滴无人车北京晚高峰路口遇卡车	晚高峰 路口监控
BV1yM4y1N7oU	YOLOV4用于道路交通口智能人流、车流监控	晚高峰 路口监控
BV1kP411w7Eo	如何查看高速公路实时视频监控	晚高峰 路口监控
BV1BszYBXE8q	15个监控数百万人的控制中心	晚高峰 路口监控
BV1CV411L7Gi	Jiao Jing叔叔讲解的路上摄像头的作用	晚高峰 路口监控
BV1bzcyztET3	苏州东环路｜早高峰车流延时	晚高峰 路口监控
BV131421b71w	电动自行车充电桩到底是否暴利？	电动车 充电桩
BV1voZkB4EdA	汽车的充电桩能不能给电动车充电	电动车 充电桩
BV1UfHU6kENz	公共充电桩只充80%值得推广	电动车 充电桩
BV1uj3D69EDV	骑48V电动车长途旅行，如何找地方充电的？	电动车 充电桩
BV1zA4m137EY	电动车充电桩，一台一天赚6毛	电动车 充电桩
BV1CYBxBgEE8	电动车越充越虚 小区充电桩背后猫腻	电动车 充电桩
BV1cue26pEgn	开箱一个智能充电桩	电动车 充电桩
BV1kDo6BfEKb	投资充电桩，是门好生意吗？	电动车 充电桩
BV1dM4m1y7Xo	家用充电桩安装全流程分享	电动车 充电桩
BV1H9wDzKEuY	小区电动自行车充电桩是“电量刺客”？	电动车 充电桩
BV1kW4y1k7jq	小伙骑着九号电动车去汽车桩充电惊呆路人	电动车 充电桩
BV1tY4y1C74A	“为什么还有人把电瓶车推回家充电？”	电动车 充电桩
BV1ReHk6iEip	来快充桩试试这个新充电器	电动车 充电桩
BV11n9TB8EoA	万元以内首台支持汽车直流快充量产的电动摩托车	电动车 充电桩
BV1WkKU68Edu	差价4000！便宜的家充桩会烧车吗？	电动车 充电桩
BV1eLm9BZEpa	小区充电桩乱象怎么发现 怎么解决	电动车 充电桩
BV1xS2yBUE5i	【小莉调查】充电费用越来越高	电动车 充电桩
BV1GC411b7Kr	投100台电瓶车充电桩，一年能赚多少钱？	电动车 充电桩
BV1YBGt6PE2h	2026年国内直流快充电摩全汇总	电动车 充电桩
BV19bwjzsEFB	听说小区公共充电桩都是虚电，我们来测试一下	电动车 充电桩
BV1kjdUYQEb9	第三次安装充电桩了	电动车 充电桩
BV1fN4y1V7Gg	九号E200p mk2 用新能源充电桩充电	电动车 充电桩
BV14teJzvEJX	塞雷：充电桩生意能不能做？	电动车 充电桩
BV1i6Hx64EDy	家用充电桩选购指南 2026	电动车 充电桩
BV1aMb56NEsX	白嫖的电动自行车充电桩	电动车 充电桩
BV1bM411u7Za	打假实测万能充电卡	电动车 充电桩
BV1knaJ6GEJb	半小时充好，一小时充饱	电动车 充电桩
BV1r8HW6xEFx	为什么偏偏返程更容易堵在充电桩上？	电动车 充电桩
BV1TC411a7Bv	电瓶车充电桩的把戏！	电动车 充电桩
BV1dNB5BfEuH	聊聊两轮电动车直流快充	电动车 充电桩
BV1jS421A72f	央视调查电动自行车主执意入户充电的深层原因	电动车 充电桩
BV1Ug7h6mEiv	小区电动车充电桩暗藏猫腻	电动车 充电桩
BV1a5DzYeEyU	小区没有充电桩，该如何给电动车充电？	电动车 充电桩
BV152Yu6BEgX	电费成本只有5毛，为何小区电动车充电桩收费高好几倍？	电动车 充电桩
BV1wK3bzwE3J	能用汽车充电桩充电的电摩你见过吗？	电动车 充电桩
BV1U1a661EbC	电动车充电，千万别一时疏忽酿成大祸！	电动车 充电桩
BV1zFub6MEAd	汽车充电桩不让电动摩托车充电合理吗？	电动车 充电桩
BV1Uu4m1A75h	海康威视电梯摄像头-防遮挡电梯电瓶车智能检测	电瓶车 进电梯 监控
BV1i34y1t71Z	电动车进电梯检测算法	电瓶车 进电梯 监控
BV1NYgzz8EVP	揪心！合肥再发安全事故，电动车电瓶在电梯里瞬间爆燃	电瓶车 进电梯 监控
BV1sU411U7qG	拎电池进电梯，直接烧成碳	电瓶车 进电梯 监控
BV1F7y8BbEiE	只需一台AI摄像机即可阻止电瓶车进入电梯案例分享	电瓶车 进电梯 监控
BV1Lr421M7TK	广东男子提电瓶车电池进电梯爆燃事件后续	电瓶车 进电梯 监控
BV12asuzUEte	男子骑电动车进电梯，被系统提醒后砸坏监控	电瓶车 进电梯 监控
BV1dPKh6aEX3	电瓶车进电梯，消防通道占用，物业场景摄像头智能改造	电瓶车 进电梯 监控
BV1A5411g7n7	车脸识别！西安一小区电动车进电梯将“报警”	电瓶车 进电梯 监控
BV1jJpHzbEwe	不能骑电瓶车进电梯，你倒是聪明，你只拿电瓶	电瓶车 进电梯 监控
BV1mf4y1a7Em	别再让电动车进电梯了	电瓶车 进电梯 监控
BV1FoMk6CED1	9分钟内3辆电动自行车进电梯！全国电动自行车消防安全暗访暗查	电瓶车 进电梯 监控
BV1F64y1y7Dd	说了多少遍不要推电动车进电梯！！！	电瓶车 进电梯 监控
BV1Yh4y1T7Kq	电梯监控下的惊恐一幕	电瓶车 进电梯 监控
BV1D3um6kEf4	电动车进电梯违法吗？	电瓶车 进电梯 监控
BV1UM4y1w7AQ	小朋友被电梯识别为电瓶车，笑死了	电瓶车 进电梯 监控
BV1Hf4y1u79J	长沙一小区电动车进电梯，监控立马喊话劝退	电瓶车 进电梯 监控
BV1xu411J7vA	电梯是如何识别电动车的	电瓶车 进电梯 监控
BV1KHNozPEZ4	【离谱】老人骑电动车失控撞穿电梯门，连人带车坠入井内。	电瓶车 进电梯 监控
BV1yY4Jz1EGs	大爷骑电动车进电梯触发提醒装置	电瓶车 进电梯 监控
BV1q44TzwEgB	1470期：电动车不让进电梯，老汉气的砸烂电梯装置！	电瓶车 进电梯 监控
BV15KGw6cEiG	监控还原 小朋友档电梯门！	电瓶车 进电梯 监控
BV114421U7Mk	电动车或电池进电梯真的是非常得危险	电瓶车 进电梯 监控
BV1BoHi6xEaU	女子执意要推电瓶车乘电梯，众人劝说却一意孤行	电瓶车 进电梯 监控
BV16T411V7uR	电梯的电动车阻车系统是啥？	电瓶车 进电梯 监控
BV1DLbN6BENb	女子执意要推电瓶车乘电梯，众人劝说却一意孤行	电瓶车 进电梯 监控
BV1mq4y1d7jc	河南一居民推电瓶进电梯擦出火花，吓跑乘客！	电瓶车 进电梯 监控
BV1p6i7B1EDo	老人搬铁窗进电梯，结果把自己困在电梯里	电瓶车 进电梯 监控
BV1184JzmE4r	男子两次破坏电梯电动车阻止系统监控器，被行政拘留	电瓶车 进电梯 监控
BV1hg4y1z7nc	电梯监控黑科技	电瓶车 进电梯 监控
BV11Q4y1y7ru	电动车上楼车主被顶格罚款1000元！	电瓶车 进电梯 监控
BV16v411578B	电梯能感应“电瓶车进出”？	电瓶车 进电梯 监控
BV1JxaHzoEx9	电瓶车进入电梯后，监控不会报警提示电瓶车不能入电梯	电瓶车 进电梯 监控
BV1E2vMeTE8t	一个视频让你明白为啥电瓶车不能进电梯	电瓶车 进电梯 监控
BV1Hr4y1K7xJ	骑电动车违章也会被拍照上传到交管12123	电动车 违章 监控
BV1yf421D7Ws	广州电动自行车实行电子抓拍的一些思考	电动车 违章 监控
BV19F4m157qe	电动车不戴头盔被抓了	电动车 违章 监控
BV1jH4y1P7vE	【粤语新闻】东莞多位电动车车主收到“异地违章”短信	电动车 违章 监控
BV1px7k6TEeJ	司机必须认识的所有交通违章监控处罚监控	电动车 违章 监控
BV1DrUfBuEHp	北京用高清摄像头抓拍电动车违法行为！	电动车 违章 监控
BV1MQ9jBcEbs	做了一个网页版的自动违章举报程序	电动车 违章 监控
BV14itD6ZEry	罚款50有感而发	电动车 违章 监控
BV1j8N6eVE7v	今天骑车没戴头盔，直接给我发短信了	电动车 违章 监控
BV1gURGYcEmU	消除违章，不用花钱，一年免费3次	电动车 违章 监控
BV1t8dNBYEcp	快速申诉免除违章免除罚款	电动车 违章 监控
BV1mTPpe3E5K	测试特斯拉FSD产生的违章	电动车 违章 监控
BV1kJKo67EG8	汽车违停路边，被电动车撞了，被判定全责！	电动车 违章 监控
BV1yk4y1V73C	启用电子眼！！电瓶车逃不掉啦！！	电动车 违章 监控
BV1GNfbBUExL	交管12123四次免罚别乱用	电动车 违章 监控
BV1P8HD63E7D	11月1日电动自行车新规具体是说什么？	电动车 违章 监控
BV1oN7A67EFU	全自动违章举报程序，可自动变焦，自动跟随，自动识别	电动车 违章 监控
BV1H341177Jg	骑电动车出门C1被扣12分	电动车 违章 监控
BV11FQtBmEcg	2026年ADS小蓝灯智驾违章合集	电动车 违章 监控
BV1aw4m1e7HB	我找到了电瓶车最好的行车记录仪！！！	电动车 违章 监控
BV13y1nYYEDX	新版十大违章行为案例解析	电动车 违章 监控
BV15vhmzXEjv	上海试点电动自行车超速抓拍罚款50元	电动车 违章 监控
BV18YtCzoEVp	妹子 超速300%起飞	电动车 违章 监控
BV15F4m1F73V	收到电子抓拍违法通知后	电动车 违章 监控
BV1twhn6nE9t	企业职场内幕——海康威视（杭州）	电动车 违章 监控
BV1tX4y1q7XD	广州交警开的电动车罚单不交可以吗？	电动车 违章 监控
BV1g8ph6YEEq	路遇不会推车上天桥的大姐	推车 天桥
BV1SyHk6ZE6f	九龍灣警車天橋疑死火阻路	推车 天桥
BV19M411T7ey	天桥？陡坡？轮胎没气？启动九号助力推行功能	推车 天桥
BV16q4y1k7ph	推车上桥	推车 天桥
BV1rhJ36JEVv	你们那里也要推车上天桥吗？	推车 天桥
BV1vH4y1S7sV	没有体验过上天桥的人还是不要尝试	推车 天桥
BV1eyGfz6E8M	深圳：人行天桥安装电动车传送电梯	推车 天桥
BV1Ex4y1m76e	重庆天桥偶遇小推车麻辣串！	推车 天桥
BV1F84y1W735	以前碰到这种天桥基本都是老实的上去推车	推车 天桥
BV1QN411Z7T3	莫让天桥成为难以逾越的障碍！	推车 天桥
BV19j411h7ha	入坑折叠车，当了一回世纪大冤种（上）	推车 天桥
BV1ZkYa6zEQo	从高架桥飞下来一辆车，众人把车推正。	推车 天桥
BV17Teh6BEjF	折叠车我只推荐这三家这就是原因	推车 天桥
BV1FGKz6FEhk	【平板小推车推荐】2026平板小推车怎么选？	推车 天桥
BV164421D7wD	为什么忽悠大家买折叠车	推车 天桥
BV1CF41197SL	我原创设计手作的一款户外神器装备	推车 天桥
BV1cx411D7Wf	这台六个轮子的推车上下楼梯如平地	推车 天桥
BV1CipBzQEHR	300多的折叠多功能手推车，真的实用吗？	推车 天桥
BV1GK411f7x8	【日常开箱】百元金属折叠爬楼货架车	推车 天桥
BV1CYaEzsE9L	「开箱」一个推车凭什么卖 500？	推车 天桥
BV1U3ew6GERf	【平板推车测评】2026最新全价位平板小推车大横评！	推车 天桥
BV1cs7JzSEV1	【肉泥舞池】刚开业的危楼跳舞把天桥震裂	推车 天桥
BV1uW2eBZEmz	美国大叔站在中国天桥瞬间破防	推车 天桥
BV1uJ411B7LV	国外小伙发明新型“手推车”	推车 天桥
BV1E6qTYJEig	带折叠车长途旅行	推车 天桥
BV1cnHQ6TEX3	这么陡的天桥坡，真能安全下？	推车 天桥
BV1vpaV62E7Y	谁告诉你折叠车必须去门店选的	推车 天桥
BV1wMYeeGEtz	石球搬运推车路障搬运推车石墩移动	推车 天桥
BV1A8411D7PA	骑手推车上天桥很吃力，女子立马帮忙推上去	推车 天桥
BV1QHwseQEEk	口袋车也太难选了吧！6款对比测评	推车 天桥
BV14kYczJECs	买了个上下楼梯的小推车，感觉一般	推车 天桥
BV1sAT16WEYg	最快半年AI跑通自进化？与陈天桥首席科学家聊聊	推车 天桥
BV1BNTE6TEyz	出门骑车，一定要小心折叠车	推车 天桥
BV1zUhx6WECt	【折叠买菜车测评】2026最新折叠买菜车选购避坑指南	推车 天桥
BV1MGhi6fE7B	反消费主义新手入门折叠车专题	推车 天桥
BV1JhbzziEfE	还是小米有品会玩啊，这次竟然卷起了三折叠来了。	推车 天桥
BV1ui9FYoESX	上海地铁为什么禁折叠车？	推车 天桥
BV1sr421F7k2	你们不是想听我聊“国布”吗？	推车 天桥
BV1N1b76qEif	【RL 工程】rollout 是 RL 训练的瓶颈	推车 天桥
BV197HC6KEC4	3秒折叠：这是我见过的折的最快的自行车	推车 天桥
BV1UkpW63EFE	广州：板桥地铁口路段被围蔽 街坊通勤受阻引争议	地铁口 电瓶车
BV1od4y1f7Ai	小牛电动 | 你会把爱车停到地铁口吗？	地铁口 电瓶车
BV1pBaz6aEb5	5月份上海地铁的新条例办法后。现在带折叠车上地铁顺利吗？	地铁口 电瓶车
BV1xojmzqEK6	【粤语新闻】广州交警等多部门开展地铁口周边电动车违规整治行动	地铁口 电瓶车
BV1aePhzNEBc	【辟谣】地铁口拖走电动车是零元购？	地铁口 电瓶车
BV1EoKCzREBk	地铁站电瓶车乱停的现象该怎么解决？	地铁口 电瓶车
BV1i7mGBjEEr	【粤语新闻】东莞：男子骑电动车进地铁站 还发网上炫耀	地铁口 电瓶车
BV1fX4y1z7of	“一键擦除”违停电动车，北京管庄地铁口“焕然一新”！	地铁口 电瓶车
BV1m3adzNE8h	有人骑电动车乘坐地铁？官方回应	地铁口 电瓶车
BV1tt421P7ae	折叠车上地铁错误示范	地铁口 电瓶车
BV19R7U6rEgC	折叠车安全合规上地铁指南	地铁口 电瓶车
BV1TA4m1A7bv	【粤语新闻】广州荔湾西村地铁口周边人行道停满电动车	地铁口 电瓶车
BV1Ju411P7jz	【粤语新闻】广州同和地铁口附近停放大量电动车	地铁口 电瓶车
BV19j421X7qC	大行P8上广州地铁实战｜折叠车探索城市骑行	地铁口 电瓶车
BV1Qw4m1m7WX	杭州最北端的地铁站，门口停满了电瓶车	地铁口 电瓶车
BV1z9J5z3EgX	【电鸡新闻】下周起广州将严查地铁口周边无牌电动自行车	地铁口 电瓶车
BV1ED9EYFEvr	人大代表建议严禁电动车骑行人行道	地铁口 电瓶车
BV1P7jmzNEti	直击广州地铁口交通整治：功率超标还无牌 外卖电动车被扣	地铁口 电瓶车
BV1Sp4y1N7pv	深远电动车酷玛新品下线，太萌了拖油瓶抢着要开去地铁口接小姐姐	地铁口 电瓶车
BV19ZCBBuE7R	11月17日社会热点速递，合肥地铁口突发火灾浓烟滚滚	地铁口 电瓶车
BV1vz5AzWEGQ	骑小电驴游杭州，省钱省力不费，绝对宝藏攻略	地铁口 电瓶车
BV1haph6wE5W	海南19岁女生校内被电动车撞倒离世	学校门口 电动车
BV1Z51aBwECZ	女生在校门口摊贩处买淀粉肠，遭学校工作人员收走电动车和家门钥匙	学校门口 电动车
BV1ZdNGzcENg	大学生寒假回校后发现自家电瓶车集体消失了。	学校门口 电动车
BV1miPLzmEpd	电动车校园牌芯片制作分享	学校门口 电动车
BV1VAp86AEuF	女大学生校园内被电动车撞倒离世，四方同等责任引争议	学校门口 电动车
BV1MtdDBaEYe	杭州市实验学校门口的家长们都开什么车	学校门口 电动车
BV1Sz4y1V7f9	中南大学电动车传奇：校园没速度与有激情！	学校门口 电动车
BV1Yy4y1t77H	清华大学锁车事件，维权学生被刑拘7日	学校门口 电动车
BV1rBpi6aEnU	女大学生校内被电动车撞倒离世	学校门口 电动车
BV1JWaJznEbB	武汉大学共享电动车一小时收费33元	学校门口 电动车
BV1MC4y197fP	禁止电动车进校园，严重影响学生上下课！	学校门口 电动车
BV1JHpv6sE7R	骑电动车上扶梯本以为是高手，结果人仰车翻	学校门口 电动车
BV1584y1P7Eh	【1818黄金眼】门口要建车棚  业主集体反对	学校门口 电动车
BV1TiPLzUEba	电动车校园牌制作分享	学校门口 电动车
BV1Kh4y1v7Eu	建议全国高校都通过此手段禁止校内电动车	学校门口 电动车
BV1xLKEeTECf	电动车校牌里有什么	学校门口 电动车
BV1ZPhJ6FEHp	突然理解大学最近开始制裁电动车了	学校门口 电动车
BV1KspF6iECM	汉口学院电动车校园牌芯片	学校门口 电动车
BV16BEr6AEgU	美国小伙骑着从中国网购电摩去学校	学校门口 电动车
BV1H2gr6EEx2	美国高中生骑中国电摩去学校：同学围着拍，羡慕坏了！	学校门口 电动车
BV1ec41167zw	大妈菜市场偷肉被监控拍下，手法娴熟一看就是惯犯!	菜市场 监控
BV1g54y1Q7JJ	【影像】4K视频_01/高清影像下的菜市场	菜市场 监控
BV1bS4y1w7rZ	EP2竹东中央市场｜纪录片《我在菜市场待了一整天》	菜市场 监控
BV1Vtx1ekEYV	《世间》——菜市场纪录片 学生作业	菜市场 监控
BV1KdijB2Etd	《生活的底稿》“菜市场诗人”温雄珍	菜市场 监控
BV13qs4zgEw2	了解一座城市，从它的菜市场开始。	菜市场 监控
BV1944y1x7em	成都突查农贸市场，让督哥带你来逛成都菜市场	菜市场 监控
BV1AV4y1W7Dw	人间烟火-白噪音-菜市场	菜市场 监控
BV134Y46LEDR	菜市场买菜市农产品早市人群菜市场买菜实拍视频素材	菜市场 监控
BV1Kb411P7pX	当菜市场遇上国际设计师，杭州一菜场变身“网红打卡地”	菜市场 监控
BV1oS421P7CA	治愈系日常 | 每次去菜市场就感觉日子活过来啦~	菜市场 监控
BV18x411Y7n6	【纪录片】菜市场的24小时	菜市场 监控
BV1LX4y1S7Ac	中国“超市”为什么干不过“菜市场”？	菜市场 监控
BV16Y4y1f7xG	百姓故事第七期：菜市场篇	菜市场 监控
BV1ua8k6jEtG	这样的大白菜你敢吃？前后一个多月，揭秘大白菜潜规则	菜市场 监控
BV1BG41167zA	纪录片｜《冬日人间烟火》记忆中的菜市场	菜市场 监控
BV1az4y1F7N1	菜市场买菜日常，饭馆买菜，记录真实生活#买菜#菜市场	菜市场 监控
BV15Q4y1p7Nk	凌晨两点的菜市场是啥样的？	菜市场 监控
BV1oD421j7vs	菜园防盗 终于只有装监控 看看效果如何	菜市场 监控
BV1aFHh6FEvo	买菜如此便利的当下 菜市场存在的意义是什么？	菜市场 监控
BV1snHv6wEBC	#蕲春农贸市场#4G监控安装	菜市场 监控
BV1sXHQ65Eqx	一头猪亏 400，菜市场的猪肉却没降价？	菜市场 监控
BV11mpY6fEJz	农贸市场应该怎么做促销活动二	菜市场 监控
BV1djmwYdEvR	湾湾台北高级果菜市场	菜市场 监控
BV1oV4y167Dy	电动车在小区丢了，物业必须赔。	小区 电动车 监控
BV1Lhpv6JEQd	小区电动车无感通行门禁系统厂商	小区 电动车 监控
BV1NjiDB3EM8	粉丝经物业同意  取小区共用电安装监控！	小区 电动车 监控
BV1SFvSBuE5J	执法队进小区拖电动车,没想到惹怒业主,并当场报了110	小区 电动车 监控
BV1wMZiY4Ezu	业主能随意查小区监控录像？大错特错！	小区 电动车 监控
BV14ViTBWEjW	粉丝单元楼门口感应灯取电接监控  无损安装萤石监控	小区 电动车 监控
BV1PgvteeEWj	小仙女祸害一整个小区的业主，最惨那位扣72分	小区 电动车 监控
BV1aWkGYPEoV	业主举报小区电动车违规停放，个人信息被泄露	小区 电动车 监控
BV1SN4y1i7v9	追踪：广州：电动车被禁止停小区车库 业主与物业起冲突	小区 电动车 监控
BV1LB4y1b7Du	骑电动车被电子监控拍到逆行	小区 电动车 监控
BV1eThJzMEcn	电动自行车自制哨兵模式 没想到大有收获	小区 电动车 监控
BV1H4421A7qb	一己之力解决小区电动车乱停，请叫我无名英雄	小区 电动车 监控
BV1d6ZFBMEW2	地下车库取电安装监控	小区 电动车 监控
BV1w6hG6pEg4	【免费开源】stm32电动车充电桩监测系统	小区 电动车 监控
BV1dGZ8YbEDu	4月1日起这些区域禁止安装监控	小区 电动车 监控
BV1NJ41197HH	车子被剐蹭，调取监控，探头竟然坏了，小区监控为何成摆设？	小区 电动车 监控
BV1g3411G7vN	今天聊聊小区内非机动车（电动车、自行车等）停车位的问题	小区 电动车 监控
BV1ds4y1C7ny	邻居死不承认，直到装了监控……	小区 电动车 监控
BV1XK411t7L8	300个摄像头的小区维修监控	小区 电动车 监控
BV1DpwyzAEe4	没看出有什么问题啊？	斑马线 电动车 监控
BV1YqVfzuECB	多功能智能交通系统-车辆闯红灯检测	斑马线 电动车 监控
BV1YV4y1U7sa	非机动车通过斑马线没有推行不会必然承担责任	斑马线 电动车 监控
BV1Yi421f7Dt	斑马线上骑车被撞无责？一个视频讲清楚！	斑马线 电动车 监控
BV11T411E7vL	开车要礼让斑马线上的行人，那么该不该礼让电瓶车呢	斑马线 电动车 监控
BV1aka76nEEb	骑电动车过斑马线被撞，谁的责任？	斑马线 电动车 监控
BV1Rt4y1873N	智能斑马线试点推广，守护市民出行安全！	斑马线 电动车 监控
BV1Eg411V7p2	广东荣文科技——广州黄埔区智慧斑马线	斑马线 电动车 监控
BV1Cf421f7s8	女子骑两轮电动车，通过斑马线时，被汽车撞飞！	斑马线 电动车 监控
BV1aA411Z7xq	斑马线事故合集：美女打伞过斑马线，惨遭工程车碾压！	斑马线 电动车 监控
BV1494y1S7S6	注意！非机动车过斑马线不下车推行属于违法行为！	斑马线 电动车 监控
BV13d2CBoEB7	对于未礼让行人的判罚标准我有些疑惑	斑马线 电动车 监控
BV1ZH4y137vC	非机动车到底什么时候需要下车推行？	斑马线 电动车 监控
BV1iR8MzkEpc	问界/理想/小米/极氪/特斯拉 城市事故炼狱	斑马线 电动车 监控
BV1N8pe6cENJ	没有任何争议的事情，司机全责	斑马线 电动车 监控
BV1XMHZ6BEWi	王律师分析系列——斑马线上不能突然折返	斑马线 电动车 监控
BV1ZsE968ENj	车主斑马线未礼让行人不认罚 民警：“不需要你认”	斑马线 电动车 监控
BV1EK4y1H7c6	骑自行车、电动车过斑马线违法吗？	斑马线 电动车 监控
BV1cXHs68EYk	车在斑马线与行人抢行	斑马线 电动车 监控
BV1MRS4YREVk	一文讲清电动车撞机动车到底赔不赔	斑马线 电动车 监控
BV1unHj6JEYe	大爷骑电动车过斑马线，接着发生的事情让人痛心	斑马线 电动车 监控
BV1tc3dzJEmJ	全网都在吐槽的代驾折叠车	斑马线 电动车 监控
